RequestedAmount,Request For Payment SUBMITTED by EMPLOYEE,Request For Payment APPROVED by ADMINISTRATION,Request For Payment APPROVED by BUDGET OWNER,Request For Payment FINAL_APPROVED by SUPERVISOR,Request Payment,Classification
384.61582274733655,1,1,0,1,1,1
632.6635034049315,1,1,0,1,1,1
864.4335577942284,1,1,0,1,1,1
935.6657398704858,1,1,0,1,1,1
718.670748336197,1,1,1,1,1,1
1038.2187120803571,1,1,0,1,1,1
429.5362853683921,1,1,1,1,1,1
680.4779768168352,1,1,1,1,1,1
832.5947682634818,1,1,1,1,1,1
268.36700250137545,1,1,1,1,1,1
410.7871558086014,1,0,0,1,1,1
72.82243984964555,1,1,1,1,1,1
403.3509276706821,1,1,0,1,1,1
204.72987398058115,1,1,1,1,1,1
424.3091438613668,1,1,0,1,1,1
769.7293885052458,1,1,0,1,1,1
214.48881879855185,1,1,0,1,1,1
131.40464565496563,1,1,0,1,1,1
138.41231324969587,1,1,0,1,1,1
535.030516872004,1,1,0,1,1,1
992.8966058134048,1,1,0,1,1,1
38.927753659445855,1,1,0,1,1,1
2306.8801936714704,1,1,0,1,1,1
2552.2631710792566,1,1,1,0,1,1
383.7969226792469,1,1,0,1,1,1
544.0974893397121,1,0,0,1,1,1
645.0536108051864,1,1,0,1,1,1
287.430579171762,1,1,0,1,1,1
364.6213334350487,1,0,0,1,1,1
440.4378017223352,1,1,1,1,1,1
658.0848583256351,1,1,0,1,1,1
654.2200103520059,1,1,0,1,1,1
65.24473365103745,1,1,1,1,1,1
329.7300907177193,1,0,0,1,1,1
912.4172809869737,1,1,1,1,1,1
1353.0175760529169,1,0,0,0,0,0
677.9137344462827,1,1,0,1,1,1
413.3376474468751,1,1,0,1,1,1
593.9166387065515,1,0,0,1,1,1
677.7846138947292,1,1,0,1,1,1
436.0253663597584,1,1,0,1,1,1
1877.077995162655,1,1,0,1,1,1
375.55525814651503,1,1,1,1,1,1
636.5209588627631,1,1,0,1,1,1
77.10741249668064,1,1,1,1,1,1
311.34982796977994,1,1,0,1,1,1
198.4021642115564,1,1,1,1,1,1
2272.4489375420303,1,1,1,1,1,1
2577.7537110563103,1,0,0,1,1,1
1212.5496874542382,1,1,1,1,1,1
220.72990159417645,1,1,1,1,1,1
887.8540450989104,1,1,0,1,1,1
1249.5264264259768,1,1,0,1,1,1
206.2120605797476,1,0,0,1,1,1
480.7891702290816,1,1,0,1,1,1
1167.907912038848,1,1,1,1,1,1
1067.9650281621098,1,1,0,1,1,1
67.05572905276243,1,1,0,1,1,1
1156.5137938250944,1,1,1,1,1,1
566.3149768908751,1,1,0,1,1,1
894.6307994157597,1,1,1,1,1,1
954.4480755660333,1,1,1,1,1,1
26.77260958463212,1,1,1,1,1,1
715.0537265695327,1,1,0,1,1,1
529.8557353297017,1,1,0,1,1,1
3051.882483770994,1,1,0,1,1,1
1007.531150947859,1,1,0,1,1,1
34.409046646226955,1,0,0,1,1,1
209.99406342770249,1,1,0,1,1,1
237.36796983255783,1,1,1,1,1,1
924.421909287215,1,1,0,1,1,1
249.2636839731977,1,1,1,1,1,1
1283.3867135547116,1,1,0,1,1,1
472.3533955799316,1,0,0,1,1,1
361.4718414251215,1,1,0,1,1,1
219.49232381922195,1,1,1,1,1,1
200.97665429717784,1,1,0,1,1,1
851.3256405663305,1,1,0,1,1,1
537.2346662234398,1,1,0,1,1,1
132.51688902221707,1,1,0,1,1,1
104.80787393450473,1,0,0,1,1,1
438.1116121318146,1,1,0,1,1,1
26.150597996639146,1,1,0,1,1,1
494.1994551517132,1,1,0,1,1,1
109.3296200053829,1,1,1,1,1,1
1355.6878824128414,1,1,1,1,1,1
651.9885255834278,1,1,0,1,1,1
1090.8358626242264,1,0,0,1,1,1
1142.3767515954426,1,1,0,1,1,1
966.7371555294444,1,1,0,1,1,1
351.2608765520201,1,1,0,1,1,1
2204.775025950385,1,1,0,1,1,1
384.9442946950424,1,1,0,1,1,1
392.7566351838408,1,0,0,1,1,1
399.0883701448074,1,1,0,1,1,1
54.4988551232242,1,1,0,1,1,1
1046.5092048201338,1,1,0,1,1,1
1067.1040293594,1,1,0,1,1,1
860.0323941614976,1,1,1,1,1,1
198.2846139987172,1,1,0,1,1,1
132.43794095650588,1,1,1,1,1,1
265.29960123396086,1,1,0,1,1,1
238.1441469756694,1,1,0,1,1,1
189.9430847391485,1,1,1,1,1,1
344.12349407186207,1,1,0,1,1,1
114.06527750167808,1,1,0,1,1,1
14.20076809573796,1,1,1,1,1,1
75.4163718741021,1,1,1,1,1,1
527.0445575502065,1,1,1,1,1,1
1130.3885359533251,1,1,0,1,1,1
169.28735629217303,1,1,0,1,1,1
1991.996225762342,1,1,0,1,1,1
923.104017718024,1,1,0,1,1,1
49.97736337281962,1,1,0,1,1,1
487.2236487072434,1,1,1,1,1,1
608.521848092173,1,1,0,1,1,1
158.43754826000065,1,1,0,1,1,1
292.6988002065646,1,1,1,1,1,1
223.40768638066345,1,1,0,1,1,1
150.78057669695505,1,1,1,1,1,1
387.54860165712086,1,1,0,1,1,1
1038.1273024414295,1,1,0,1,1,1
160.5583562364766,1,1,1,1,1,1
1385.4138258800242,1,1,1,1,1,1
16.13648170732623,1,1,1,1,1,1
184.6155949187216,1,1,0,1,1,1
850.1962074546285,1,1,0,1,1,1
671.7930429035969,1,0,0,1,1,1
830.7337388007494,1,1,0,1,1,1
279.5761075033115,1,1,1,1,1,1
248.89776121940915,1,1,1,1,1,1
1006.9084174468184,1,1,0,1,1,1
72.46575803198539,1,1,0,1,1,1
290.4063381606301,1,1,0,1,1,1
143.91875527045158,1,1,1,1,1,1
122.9444425267224,1,1,1,1,1,1
1229.961619971671,1,0,0,1,1,1
49.94744016568159,1,1,0,1,1,1
787.7020804539944,1,1,0,1,1,1
873.5716815204036,1,1,1,1,1,1
716.4717769437991,1,0,0,1,1,1
278.72573136868505,1,1,1,1,1,1
1173.9577945793626,1,0,0,1,1,1
339.50361054723334,1,1,0,1,1,1
193.76527411003897,1,1,0,1,1,1
675.9436301462283,1,1,0,1,1,1
969.0668815046196,1,0,0,1,1,1
244.68292831341736,1,1,1,1,1,1
925.918056984762,1,1,1,1,1,1
1090.5322138204117,1,1,1,1,1,1
71.84673000466586,1,0,0,1,1,1
929.9527756465797,1,0,0,1,1,1
3457.514650237583,1,1,0,0,1,1
1199.7529904969722,1,1,1,1,1,1
1159.0936670758915,1,1,1,1,1,1
1100.9493703832554,1,1,1,1,1,1
288.15006523818283,1,1,0,1,1,1
517.9342618797841,1,0,0,1,1,1
279.71995441254444,1,1,0,1,1,1
1394.1606314427809,0,0,0,0,0,0
93.89703819265416,1,1,1,1,1,1
270.4329690852942,1,1,0,1,1,1
1404.6290451301013,1,1,1,1,1,1
729.285885085379,1,0,0,1,1,1
330.46316638950105,1,1,0,1,1,1
244.62139517509783,1,1,0,1,1,1
1341.6764889188598,1,1,0,1,1,1
284.48818080349486,1,1,1,1,1,1
1286.1089383028095,1,1,0,1,1,1
408.8097343153403,1,1,0,1,1,1
481.10131939947536,1,1,0,1,1,1
1348.774220474304,1,1,1,1,1,1
303.82455438509226,1,0,0,0,0,0
924.7390157865832,1,1,0,1,1,1
82.66752948937503,1,1,0,1,1,1
647.2577280369869,1,1,1,1,1,1
1505.6705623841765,1,1,0,1,1,1
2033.0041757788968,1,0,0,0,1,1
755.5817999103369,1,0,0,1,1,1
101.72545407848864,1,1,0,1,1,1
974.740383456614,1,1,0,1,1,1
824.0075253309703,1,1,1,1,1,1
73.93260371919025,1,1,0,0,0,0
551.6454051277001,1,1,0,1,1,1
765.0649368082671,1,1,1,1,1,1
182.4678857261355,1,0,0,1,1,1
1039.8961084604232,1,1,0,1,1,1
442.10668735532295,1,1,1,1,1,1
657.4968997477322,1,1,1,1,1,1
442.30127283270446,1,1,0,1,1,1
554.4315321443097,0,0,0,0,0,0
401.4351193717545,1,1,1,1,1,1
280.9450409422428,1,1,0,1,1,1
336.5394068359324,1,1,0,1,1,1
709.3670671091107,1,1,0,1,1,1
309.6291066025341,1,1,0,1,1,1
19.368541399945595,1,1,1,1,1,1
510.8797144777117,1,1,0,1,1,1
92.4963397156549,1,1,0,1,1,1
299.1960931783873,1,0,0,0,0,0
389.1262961429238,1,1,0,1,1,1
1164.6352008598842,1,0,0,1,1,1
966.4393791273702,1,1,0,1,1,1
67.55922940740169,1,1,1,1,1,1
846.7630998160236,1,1,1,1,1,1
95.82628319094664,1,1,1,1,1,1
1999.274128302682,1,1,0,1,1,1
238.070336542576,1,1,0,1,1,1
333.73788671849474,1,1,1,1,1,1
503.9447171388172,1,1,1,1,1,1
191.45902681723453,1,1,1,1,1,1
146.5121813304792,1,0,0,0,0,0
85.0059827297538,0,0,0,0,0,0
553.0366389708977,1,1,0,1,1,1
567.9863133458955,1,1,1,1,1,1
28.12434843053556,1,1,0,1,1,1
898.136792269702,1,1,0,1,1,1
953.1357902369608,1,1,0,1,1,1
0.0,1,0,0,0,0,0
1309.2191286345787,1,1,0,1,1,1
159.94640795750772,1,1,0,1,1,1
34.34549421727488,1,0,0,0,0,0
142.7417345495777,1,1,1,1,1,1
101.8227827477335,1,1,1,1,1,1
130.9500576028188,1,0,0,1,1,1
1822.0493282665657,1,1,0,1,1,1
141.13708636224118,1,0,0,1,1,1
735.4341811162785,1,1,0,1,1,1
292.75349614358026,1,0,0,1,1,1
957.528734632394,1,1,0,1,1,1
1873.810726093874,1,1,1,1,1,1
549.6526627967567,1,0,0,0,0,0
1330.2482113846145,1,0,0,1,1,1
475.5470383305425,1,1,1,1,1,1
228.92835406769527,1,0,0,0,0,0
38.34820567347992,1,1,0,1,1,1
1371.757479290245,1,1,1,1,1,1
790.0486002472139,1,1,0,1,1,1
185.6038376467129,1,1,0,1,1,1
890.20138032789,1,1,0,1,1,1
95.18216648157696,1,1,1,1,1,1
2513.8702645229737,1,1,1,1,1,1
201.2752518760316,1,1,1,1,1,1
1692.3892298687274,1,1,0,1,1,1
402.3529631409141,1,1,0,1,1,1
699.231632002643,1,0,0,1,1,1
1080.1033295924094,1,1,1,1,1,1
382.604481820808,1,1,0,1,1,1
567.8237843166971,1,0,0,0,0,0
139.4241400859892,1,1,1,1,1,1
364.8937042709268,1,1,0,0,0,0
1187.2034878160946,1,1,0,1,1,1
690.8549951903373,1,1,0,1,1,1
135.3470644756341,1,1,0,1,1,1
79.20546282671611,1,1,0,1,1,1
12.613006643508555,1,1,1,1,1,1
464.1766904739585,1,1,0,1,1,1
558.1529953083949,1,1,0,1,1,1
2174.870838330625,1,1,0,1,1,1
3270.54198685866,1,1,1,1,1,1
1287.4205478455958,1,1,0,1,1,1
86.66142598795983,1,1,1,1,1,1
515.0034401842377,0,0,0,0,0,0
718.1395090563764,1,1,1,1,1,1
593.0971930214457,1,1,1,1,1,1
199.569375001191,1,0,0,0,0,0
403.6386010963506,1,0,0,1,1,1
3283.8147284806296,1,0,0,0,1,1
544.1433057186294,1,1,0,1,1,1
492.5885447002738,1,1,0,1,1,1
6069.915754122051,1,1,1,0,1,1
72.5083507128823,1,1,0,1,1,1
157.38369385011222,1,1,0,1,1,1
2061.7218527162336,1,1,1,1,1,1
1031.551140563034,1,0,0,1,1,1
2908.2046191797067,1,1,0,0,1,1
633.906311526988,1,1,0,1,1,1
387.6244707017341,1,1,0,1,0,1
267.13821459542686,1,1,0,1,1,1
275.7556187414941,1,1,0,1,1,1
517.6789088928625,1,1,0,1,1,1
615.367535102451,1,1,0,1,1,1
73.98491307427923,1,1,0,1,1,1
314.87355988240523,1,0,0,0,0,0
1303.851719339296,1,1,0,1,1,1
1222.9122047286592,1,1,0,1,1,1
967.4224901141783,1,0,0,0,0,0
272.42808456443794,1,1,0,1,1,1
459.7509044214823,1,1,1,1,1,1
3151.779643425364,1,1,1,1,1,1
952.760068346231,1,1,1,1,1,1
194.7260884653128,1,0,0,1,1,1
245.19890844501955,1,1,1,1,1,1
430.0079905817229,1,0,0,1,1,1
322.7621334259557,1,1,0,1,1,1
778.1456327583701,1,1,0,1,1,1
1260.4076686783326,1,1,0,1,1,1
685.3366311461339,1,1,0,1,1,1
253.08349257044185,1,1,1,1,1,1
566.4759772547154,1,1,0,1,1,1
598.0355877592281,1,1,0,1,1,1
576.3305580620602,1,1,0,1,1,1
65.79718908902151,1,1,0,1,1,1
345.56520882941203,1,1,1,1,1,1
382.646198395868,1,1,0,1,1,1
108.64047667718408,1,1,1,1,1,1
169.24530753868171,1,0,0,1,1,1
549.2033068629434,1,1,0,1,1,1
338.7601317674965,1,1,0,1,1,1
828.8869008120396,1,1,1,1,1,1
120.85816788653425,1,1,1,1,1,1
894.2044796277434,1,1,1,1,1,1
296.32943514057547,1,0,0,0,0,0
309.5590210141017,1,1,0,1,1,1
1072.7464205395747,1,1,0,1,1,1
1579.9378881302375,1,1,0,1,1,1
991.04925251225,1,1,1,1,1,1
1961.058073392848,1,1,0,1,1,1
200.25231461876112,1,1,0,1,1,1
1914.314280385145,1,0,0,1,1,1
18.83242289489542,1,1,0,1,1,1
596.2573017354758,1,1,1,1,1,1
1457.499683516462,1,1,0,1,1,1
2102.9118906876124,1,0,0,1,1,1
288.1937472428994,1,1,0,1,1,1
657.2150123048424,1,0,0,0,0,0
1249.95668512216,1,1,1,1,1,1
1331.5332318763749,1,0,0,1,1,1
805.5286392366481,1,1,0,1,1,1
909.495577651291,1,1,1,1,1,1
1407.9952396706217,1,1,0,1,1,1
273.66691040871905,1,1,1,1,1,1
1151.9511477474143,1,1,0,1,1,1
460.28945247390806,1,0,0,1,1,1
353.0629938191403,1,1,1,1,1,1
594.9931307617761,1,1,0,1,1,1
973.1313167174536,1,1,0,1,1,1
31.15454604052322,1,1,0,1,1,1
796.0094683579241,1,1,0,1,1,1
570.9996343254909,1,1,1,1,1,1
541.358504427838,1,1,0,1,1,1
575.3014653137064,1,1,0,1,1,1
539.0123365210809,1,1,0,1,1,1
86.73048431396549,1,1,1,1,1,1
276.8739344860049,1,1,0,1,1,1
596.731256746729,1,1,0,1,1,1
44.711462230090326,1,1,1,1,1,1
1238.205653754727,1,1,0,1,1,1
702.4116456501956,1,1,0,1,1,1
387.3503154162184,1,0,0,1,0,0
196.53897808773183,1,1,1,1,1,1
76.67974191183745,1,1,0,1,1,1
17.769729199224756,1,0,0,0,0,0
569.6078845258055,1,1,0,1,1,1
2464.8981088281453,1,1,0,1,1,1
512.4392851488358,1,1,1,1,1,1
1180.0435390418154,1,1,0,1,1,1
99.61121014562792,1,0,0,1,1,1
243.81478999370688,1,1,0,1,1,1
443.0232674706714,1,1,1,1,1,1
2167.751870849532,1,1,0,1,1,1
211.44449298509977,1,1,1,1,1,1
171.7837188543152,1,1,0,1,1,1
73.93260371919025,1,1,0,1,1,1
653.1952833963786,1,0,0,1,1,1
3205.051022576743,1,1,0,0,1,1
272.41446625483974,1,1,0,1,1,1
1488.580395097514,1,1,0,1,1,1
45.435167747201696,1,1,0,1,1,1
1125.477064079303,1,0,0,1,1,1
452.5107326983093,1,0,0,0,0,0
3673.202035011527,1,1,1,1,1,1
51.56350202625377,1,1,0,1,1,1
446.31101355942354,1,0,0,1,1,1
1196.11400954436,1,1,0,1,1,1
768.2169591891485,1,1,1,1,1,1
1544.103161606774,1,1,0,1,1,1
648.6230901172424,1,1,0,1,1,1
201.5217881693107,1,0,0,1,1,1
3030.4295612971023,1,1,1,0,1,1
1451.2524455459695,0,0,0,0,0,0
226.29032646227927,1,1,0,1,1,1
255.0914389786244,1,1,0,1,1,1
732.1965315791633,1,1,0,1,1,1
914.3072349758016,1,0,0,0,0,0
877.2730086135264,1,1,0,1,1,1
1094.8281294233434,1,1,0,1,1,1
1114.18925987152,1,1,0,1,1,1
3200.349165129769,1,1,0,1,1,1
439.328076871985,1,0,0,0,0,0
606.9095867134707,1,1,0,1,1,1
730.1741540268891,1,1,0,1,1,1
610.5848858659034,1,1,0,1,1,1
644.56963098844,1,1,1,1,1,1
720.8101578158818,1,1,1,1,1,1
764.7366511859054,1,1,0,1,1,1
907.8459090056732,1,1,0,1,1,1
52.73897801651035,1,1,1,1,1,1
364.8521144511449,1,1,0,1,1,1
1674.6463055541446,1,1,0,0,1,1
1313.578878384575,1,0,0,1,1,1
367.9907705969189,1,1,1,1,1,1
19.960876929314388,1,1,1,1,1,1
658.08673324327,1,1,0,0,0,0
1135.1408984432608,1,0,0,1,1,1
48.43270642796747,1,1,1,1,1,1
672.1626525224898,1,1,0,1,1,1
151.05246640948454,1,1,1,1,1,1
559.159288431145,1,1,1,1,1,1
628.7738505504741,1,1,0,1,1,1
846.7630998160236,1,0,0,0,0,0
534.2933548479788,1,0,0,1,1,1
1186.2315597767133,1,1,0,1,1,1
539.7779172341217,1,1,1,1,1,1
408.9527886250898,1,1,0,1,1,1
759.539829128432,1,0,0,0,0,0
627.9811209467531,1,0,0,1,1,1
456.4852197025298,1,0,0,1,1,1
315.1083025922801,1,1,0,1,1,1
1729.731082057591,1,1,0,1,1,1
101.9278519115801,1,1,1,1,1,1
1610.991195607451,1,0,0,1,1,1
48.26680629607276,1,1,1,1,1,1
1249.9772507155303,1,1,0,1,1,1
1633.4495088389283,1,1,1,1,1,1
115.54825106145915,1,1,1,1,1,1
303.3528409281584,1,0,0,1,1,1
336.99150653941354,1,1,0,1,1,1
66.4315818262428,1,1,0,1,1,1
633.4731569334018,1,0,0,1,1,1
281.2692622370185,1,1,1,1,1,1
141.81613566412526,1,1,1,1,1,1
372.647400060868,1,1,0,1,1,1
16.13648170732623,1,1,1,1,1,1
492.6321283101828,1,1,0,1,1,1
2245.341980674255,1,0,0,1,1,1
906.4064118262384,1,1,0,1,1,1
1067.6021732753245,1,1,0,1,1,1
1538.6960350095094,1,1,0,1,1,1
437.3337128323905,1,0,0,1,1,1
64.68450965152337,1,1,0,1,1,1
729.1979885887911,1,1,0,1,1,1
388.7128262330416,1,1,0,1,1,1
134.54013049549803,1,1,1,1,1,1
33.629505942854195,1,1,0,1,1,1
1710.1919212320988,1,1,1,1,1,1
980.1506756791164,1,1,0,1,1,1
1005.0917255958318,1,1,0,1,1,1
88.07329981523577,1,1,0,1,1,1
338.172941691498,1,1,0,1,1,1
56.356056158080165,1,1,0,1,1,1
733.3426969795336,1,0,0,1,1,1
68.06092320189606,1,1,0,1,1,1
156.48135756104793,1,1,1,1,1,1
634.6797866641921,1,0,0,1,1,1
1723.87207124235,1,1,0,1,1,1
1129.0527972167283,1,0,0,1,1,1
76.93188046404374,1,1,1,1,1,1
231.0143655978354,1,0,0,0,0,0
881.3580681750124,1,1,0,1,1,1
120.0152554489182,1,0,0,0,0,0
74.11711514205632,1,1,1,1,1,1
1684.1983305851622,1,1,1,1,1,1
1413.6477130953583,1,1,0,1,1,1
59.38479178637869,1,1,0,1,1,1
1572.0499393453188,1,0,0,0,0,0
548.202709864317,1,1,1,1,1,1
360.28985369134296,1,1,0,1,1,1
2301.8616120684974,1,0,0,0,0,0
271.2549535156531,1,1,1,1,1,1
2593.2761142018594,1,1,0,1,1,1
949.4044341963518,1,1,0,1,1,1
148.87129252989718,1,0,0,1,1,1
1053.0610408780185,1,1,0,1,1,1
409.35481316978206,1,1,1,1,1,1
47.63831403411036,1,1,1,1,1,1
772.4358641386517,1,1,1,1,1,1
443.42966319509975,1,1,1,0,1,1
558.1048746660907,0,0,0,0,0,0
471.2428607604178,1,1,0,1,1,1
326.3136778730439,1,1,0,1,1,1
372.1328362523359,1,1,0,1,1,1
14.835498114534866,1,1,1,1,1,1
1138.521383053935,1,1,1,1,1,1
483.7553510675024,1,1,1,1,1,1
1125.4761323949526,1,1,0,1,1,1
103.02096959034736,1,0,0,1,1,1
2006.5271326820928,1,1,1,1,1,1
213.59657385295864,1,1,1,1,1,1
974.229643304995,1,1,1,1,1,1
222.43615082220964,1,1,0,1,1,1
127.43762162284892,1,1,1,1,1,1
289.0335407877442,1,1,0,1,1,1
261.45960790197466,1,1,1,1,1,1
378.0292473350056,1,0,0,1,1,1
92.92852554241108,1,1,0,1,1,1
689.3190961970721,1,1,0,1,1,1
400.42812266201423,1,1,1,1,1,1
599.5196934856124,1,1,1,1,1,1
13.587549068803348,1,1,0,1,1,1
43.718357725710455,1,1,0,1,1,1
998.8567780231668,1,1,0,1,1,1
450.766924915916,1,1,1,1,1,1
199.87849795302844,1,1,0,1,1,1
52.48244475516174,1,0,0,1,1,1
589.0629643014395,1,1,0,1,1,1
923.29060300504,1,1,0,1,1,1
230.4066280005888,1,1,0,1,1,1
2056.6637247789163,1,1,0,0,1,1
170.4335514890455,1,1,0,1,1,1
9.60019849896791,1,1,0,1,1,1
1184.7362721663785,1,1,0,1,1,1
842.9487888282991,1,0,0,0,0,0
603.6940990141566,1,1,1,1,1,1
517.7286782983851,1,1,0,1,1,1
786.9474160686393,1,0,0,1,1,1
125.57287783475408,1,1,1,1,1,1
600.2755817791098,1,1,0,1,1,1
470.61116200624167,1,1,1,1,1,1
766.9971425735445,1,1,0,1,1,1
1036.336574280612,1,1,0,1,1,1
913.5649032003472,1,1,1,1,1,1
1939.9445622813328,1,1,1,1,1,1
677.8651535110181,1,1,0,1,1,1
334.8725497699229,1,0,0,1,1,1
435.2683653136891,1,0,0,1,1,1
2354.205916095861,1,1,1,1,1,1
365.3408963324253,1,1,0,1,1,1
107.45539794814776,1,1,1,1,1,1
2222.541269284097,1,1,0,1,1,1
374.0303282919166,1,1,0,1,1,1
228.3565677786311,1,0,0,0,0,0
2699.4597552608693,1,1,0,0,1,1
23.89409125137113,1,1,1,1,1,1
1395.1265307689914,1,1,1,1,1,1
88.14739976005585,1,1,0,1,1,1
205.5798748897579,1,1,1,1,1,1
1046.299290308971,1,0,0,1,1,1
939.9513898581567,1,1,1,1,1,1
1554.4554765279663,1,1,0,1,1,1
115.6741913352427,1,0,0,1,1,1
638.0791044459004,1,1,0,1,1,1
491.7390088390201,1,1,1,1,1,1
973.6666246450864,1,1,0,1,1,1
204.14165700388168,1,1,1,1,1,1
1296.5978555687552,1,1,0,0,1,1
810.3997782035539,1,1,0,1,1,1
242.97439005875043,1,1,0,1,1,1
7.417749057267433,1,1,1,1,1,1
152.75289247493504,1,1,0,1,1,1
1020.0771845736892,1,1,1,1,1,1
341.41793478001745,1,1,0,1,1,1
102.36493699029056,1,1,1,1,1,1
784.0169031337223,1,0,0,0,0,0
1214.10021496642,1,0,0,1,1,1
107.61808779301566,1,1,0,1,1,1
1699.883270153564,1,1,0,1,1,1
2068.2339099828628,1,0,0,1,1,1
1478.3918221040688,1,1,1,1,1,1
2907.219155425269,1,1,0,1,1,1
970.6994331984876,1,1,0,1,1,1
1156.7875474327293,1,1,0,1,1,1
632.3117458407058,1,1,0,1,1,1
267.4676316073964,1,1,0,1,1,1
233.381264036156,1,1,0,1,1,1
319.70805821737235,1,1,0,1,1,1
897.440180886271,1,0,0,1,1,1
449.3417073792587,1,1,0,1,1,1
2031.127270672104,1,1,1,1,1,1
3422.6104092993705,1,1,1,1,1,1
141.03601730803567,1,1,0,1,1,1
1803.169696745878,1,1,0,1,1,1
461.5505959054736,1,1,1,1,1,1
851.0107430024284,1,1,0,1,1,1
116.67867983365056,1,1,0,1,1,1
1533.9004704628182,1,1,1,1,1,1
731.9066675198172,1,1,1,1,1,1
133.46149589632105,1,1,1,1,1,1
377.4009060380184,1,0,0,1,1,1
722.089605139032,1,1,0,1,1,1
317.008691834731,1,1,1,1,1,1
882.8346956626656,1,1,0,1,1,1
395.9866094294615,1,0,0,1,1,1
2108.729735492753,1,1,0,1,1,1
159.80167213476727,0,0,0,0,0,0
322.60809170965706,1,1,0,1,1,1
1064.0996100597408,1,1,0,1,1,1
1222.2111220443246,1,1,1,1,1,1
423.69985136540623,1,1,1,1,1,1
511.6665079553528,1,1,0,1,1,1
840.1001577016688,1,1,0,1,1,1
165.65786508915704,1,1,0,1,1,1
416.900323916865,1,1,0,1,1,1
864.8623344626554,1,0,0,1,1,1
1397.1372047397856,1,0,0,0,0,0
1617.7485017991332,1,1,1,1,1,1
14.93620651101044,1,1,0,1,1,1
847.1680343553198,1,1,1,1,1,1
476.4459664092057,1,0,0,0,0,0
508.4680945801994,1,0,0,1,1,1
597.6290220604367,1,1,1,1,1,1
98.58252446131324,1,1,0,1,1,1
345.8762568727368,1,0,0,1,1,1
168.31176766253347,1,1,1,1,1,1
363.2863938952881,1,1,0,1,1,1
170.3778905470459,1,1,0,1,1,1
143.50317921789335,1,1,1,1,1,1
921.0806286535573,1,1,0,1,1,1
281.18090102636467,1,1,0,1,1,1
530.8706598268395,1,1,0,1,1,1
708.4354818836601,1,1,0,1,1,1
295.5742573261179,1,1,1,1,1,1
64.68450965152337,1,0,0,0,0,0
397.5913494695344,1,1,1,1,1,1
1770.235811698651,1,1,1,1,1,1
1107.4301972911996,1,1,1,1,1,1
1963.864393070116,1,1,1,1,1,1
362.67416380810977,1,0,0,1,1,1
1288.3834696574447,1,1,0,1,1,1
16.716903185588876,1,1,0,1,1,1
2377.1012420957904,1,1,1,1,1,1
469.6405441762162,1,1,0,1,1,1
238.7566601582904,1,1,0,1,1,1
552.5898678085928,1,1,0,1,1,1
1019.8931720860498,1,0,0,1,1,1
1156.7825113885756,1,1,0,1,1,1
51.79342618797841,1,0,0,1,1,1
1812.659564664021,1,1,0,1,1,1
214.67675242917392,1,1,0,1,1,1
245.80249576561576,1,1,0,1,1,1
444.72970735740046,1,1,0,1,1,1
510.42944036237225,1,1,1,1,1,1
1815.2656574652303,1,1,1,1,1,1
1164.7475716075958,1,1,0,1,1,1
910.9215780604804,1,1,1,1,1,1
447.6173854906711,1,1,1,1,1,1
743.4146537068827,1,0,0,0,0,0
891.2341776261999,1,1,0,1,1,1
1058.8233447952716,1,1,0,1,1,1
474.5292642986671,1,1,1,1,1,1
548.9520273285145,1,1,1,1,1,1
73612.24235176007,1,1,1,1,1,1
1887.328774865025,1,1,1,0,1,1
1024.3006434092658,1,1,1,1,1,1
102.9833726120456,1,1,0,1,1,1
45.435167747201696,1,1,0,1,1,1
139.39024757004051,1,1,1,1,1,1
1303.0659897686348,1,0,0,1,1,1
861.2372435336101,1,1,1,1,1,1
4322.17009134301,1,0,0,1,1,1
172.67985643668175,1,0,0,1,1,1
317.38848001405296,1,1,1,1,1,1
284.03883917747925,1,1,1,1,1,1
419.0572463824628,1,1,1,1,1,1
664.9104762191536,1,0,0,1,1,1
149.5475232757238,1,1,1,1,1,1
460.5736184760751,1,0,0,1,1,1
738.44982473259,1,1,1,1,1,1
758.9084615330974,1,1,1,1,1,1
761.412695880766,1,1,0,1,1,1
1122.672204578406,1,1,1,1,1,1
2866.074643979749,1,1,0,0,1,1
1602.9137942169343,1,0,0,1,1,1
1062.7856772874584,1,1,0,1,1,1
72.77428884989847,1,1,1,1,1,1
1112.095616556638,1,0,0,0,0,0
611.2288728038311,1,1,0,1,1,1
1014.0241975701008,1,1,1,0,0,0
3675.343843778298,1,1,1,1,1,1
657.2150123048424,1,1,0,1,1,1
188.8313432852449,1,1,1,1,1,1
155.68840294485028,1,1,1,1,1,1
1906.0511602960432,1,1,1,1,1,1
510.1090956170588,1,0,0,1,1,1
786.8226335620258,1,1,1,1,1,1
294.03753984772544,1,0,0,0,0,0
159.13919823507277,1,1,1,1,1,1
494.8823581414397,1,1,0,1,1,1
577.0328853506518,1,1,0,1,1,1
870.8302151635619,1,1,0,1,1,1
790.5520731899097,1,0,0,1,1,1
439.4612212307114,1,1,0,1,1,1
567.973648738448,1,1,1,1,1,1
181.97800255250303,1,0,0,1,1,1
557.3843152778786,1,0,0,0,0,0
1084.9502086789628,1,1,0,1,1,1
684.8913083927179,1,0,0,1,1,1
2957.723287336488,1,1,1,1,1,1
431.0409060259617,1,1,0,1,1,1
184.2154625725703,1,0,0,1,1,1
368.5556255894792,1,1,0,1,1,1
507168.8632964319,1,1,1,1,1,1
608.3213297871589,1,1,1,1,1,1
375.2534557841676,1,1,0,1,1,1
62.53805518802995,1,1,1,1,1,1
887.0832545754041,1,1,1,1,1,1
82.57446230811553,1,1,1,1,1,1
409.3142068849004,1,0,0,1,0,0
255.5579047078077,1,1,0,1,1,1
889.8754990875618,1,1,1,1,1,1
1176.923917340428,1,1,1,1,1,1
3455.519193771691,1,1,0,1,1,1
749.160792433281,1,1,0,1,1,1
791.04187723813,1,1,1,1,1,1
1214.036831022887,1,1,0,1,1,1
142.31354331370414,1,1,0,1,1,1
732.4064596242039,1,0,0,0,0,0
103.00728741061567,1,1,0,1,1,1
34.647184712150136,1,1,0,1,1,1
723.8407782816481,1,0,0,1,1,1
1254.607259567624,1,1,1,1,1,1
301.9697389849118,1,1,0,1,1,1
87.18548013466024,1,1,0,1,1,1
1370.26681188442,1,0,0,1,1,1
206.21379524969203,1,0,0,1,1,1
838.794013259125,1,0,0,1,1,1
208.05709641356367,1,1,0,1,1,1
142.2999575172661,1,1,1,1,1,1
2448.371996456701,1,1,1,0,1,1
1181.1601240558257,1,0,0,1,1,1
2526.465814134834,1,1,0,1,1,1
448.78324653841696,1,1,0,1,1,1
2705.354492894878,1,1,1,1,1,1
966.0147700178122,1,1,1,1,1,1
725.6810506760872,1,1,1,1,1,1
1361.0547233529592,1,0,0,0,0,0
236.09902442739823,1,1,0,1,1,1
261.32386712695006,1,1,1,1,1,1
777.7417798472071,1,1,1,1,1,1
1341.2441812972168,1,0,0,0,0,0
231.85032288636623,1,1,0,1,1,1
300.47497442097034,1,1,1,1,1,1
373.8975580642888,1,1,0,1,1,1
608.2875902776907,1,1,0,1,1,1
521.047451877221,1,1,0,1,1,1
755.9479114871004,1,1,0,1,1,1
925.8351213706172,1,1,1,1,1,1
220.69893371952423,1,0,0,1,1,1
168.42592701021968,1,0,0,1,1,1
368.8177203391715,1,1,0,1,1,1
38.15424437971155,1,1,0,1,1,1
1770.0519687606427,1,1,1,1,1,1
324.22110222372856,1,0,0,1,1,1
91.44524494615882,1,1,0,1,1,1
586.9248754659056,1,0,0,1,1,1
560.7959304945995,1,1,0,1,1,1
1188.84442276331,1,1,0,1,1,1
472.1758804277496,1,0,0,1,1,1
707.2419889797964,1,1,1,1,1,1
998.7200845318242,1,1,0,1,1,1
650.7312736230062,1,1,1,1,1,1
730.8527540764309,1,0,0,1,1,0
538.0861398342835,1,1,0,1,1,1
272.68193338408014,1,0,0,1,1,1
265.3469923281054,1,1,0,1,1,1
742.9788665514411,1,1,0,1,1,1
541.1262216704612,1,0,0,1,1,1
107.875649165323,1,0,0,1,1,1
806.9219639600468,1,1,0,1,1,1
253.3448605727768,1,1,0,1,1,1
374.1363252332555,1,1,0,1,1,1
297.48840665958977,1,1,0,1,1,1
1529.6941612156963,1,1,0,1,1,1
999.4445022864412,1,1,0,1,1,1
78.30458356468218,1,1,0,1,1,1
899.2875035743207,1,1,1,1,1,1
316.82397862968736,1,1,0,1,1,1
199.6213594251007,1,1,0,1,1,1
883.0840318392924,1,0,0,1,1,1
523.5664160024215,1,1,0,1,1,1
1340.329470815709,1,0,0,0,0,0
1321.2577139706104,1,1,1,1,1,1
106.43722335738552,1,1,1,1,1,1
415.1593541965549,1,1,1,1,1,1
698.27345406618,1,1,1,1,1,1
319.2998215485698,1,1,0,1,1,1
38.8905064713549,1,1,0,1,1,1
481.1398889898679,1,0,0,1,1,1
146.81585937520785,1,1,0,1,1,1
424.5028114030519,1,0,0,1,1,1
1009.2331475864044,1,1,1,1,1,1
339.14002541577145,1,0,0,1,1,1
385.0905766994647,1,1,0,1,1,1
439.08856210455866,1,1,1,1,1,1
2447.810320878884,1,1,0,1,1,1
159.65202634765745,1,1,0,1,1,1
59.81900931028952,1,1,1,1,1,1
160.483397218731,1,1,0,1,1,1
604.6733268566503,1,1,1,1,1,1
430.3529566015832,1,0,0,1,1,1
161.06857085146711,1,0,0,1,1,1
89.05023031424939,1,0,0,1,1,1
62.5011514639234,1,0,0,1,1,1
418.418278852664,1,0,0,1,1,1
422.3089539701871,1,1,0,1,1,1
1167.8906770756562,1,0,0,1,1,1
1691.678545473033,1,1,0,1,1,1
240.87908663547864,1,1,0,1,1,1
675.578975312045,1,0,0,1,1,1
207.8869363759216,1,0,0,1,1,1
455.27459631641545,1,1,0,1,1,1
740.6113070546363,1,1,1,1,1,1
224.00656826300664,1,0,0,1,1,1
362.1490104280072,1,0,0,1,1,1
662.1253448040995,1,1,1,1,1,1
536.4483575832508,1,1,1,1,1,1
760.1317858454056,1,1,0,1,1,1
2114.616314823817,1,1,0,1,1,1
110.25399130509712,1,1,1,1,1,1
993.8019795826112,1,0,0,1,1,1
1420.07361964867,1,0,0,1,1,1
13.35194830308138,1,1,1,1,1,1
399.72341908459833,1,1,0,1,1,1
807.8194910433464,1,1,0,1,1,1
1588.8243608860396,1,1,0,1,1,1
2077.55054407667,1,0,0,1,1,1
502.2699756926183,1,1,1,1,1,1
876.9208413437909,1,1,1,1,1,1
516.0908715038156,1,1,1,1,1,1
753.6228613597115,1,0,0,1,1,1
155.13099646799827,1,1,0,1,1,1
120.11940046972778,1,0,0,1,1,1
715.4129814507244,1,1,0,1,1,1
19.271515230683875,1,1,0,1,1,1
74.2072854755951,1,1,0,1,1,1
594.476132940401,1,1,0,1,1,1
409.55137849362825,1,0,0,0,0,0
101.68901247934456,1,1,0,1,1,1
228.05575867393256,1,1,1,1,1,1
273.03453693619053,1,1,0,1,1,1
461.22166230053074,1,1,1,1,1,1
178.73588119012337,1,1,0,1,1,1
2097.297857276808,1,0,0,0,1,1
541.2729427721267,1,1,0,1,1,1
1076.2184968346558,1,0,0,1,1,1
186.0651697818589,1,1,1,1,1,1
788.9176060705358,1,0,0,1,1,1
956.5240647835216,1,1,0,1,1,1
883.3300973016318,1,1,0,1,1,1
1394.1606314427809,1,0,0,1,1,1
113.86248162274472,1,1,1,1,1,1
1026.634559549346,1,1,1,1,1,1
777.7375091002912,1,0,0,1,1,1
1598.9779613195024,1,0,0,1,1,1
1868.240550109385,1,1,0,1,1,1
466.8142456266701,1,0,0,0,0,0
858.132657105171,1,1,0,1,1,1
941.0333283778588,1,1,0,1,1,1
221.158202753746,1,1,1,1,1,1
1235.2565124550938,0,0,0,0,0,0
854.5798378437331,1,0,0,1,0,0
549.8282475116747,1,1,0,1,1,1
426.55050245490617,1,1,1,1,1,1
501.9314756156542,1,1,0,1,1,1
371.7970988414261,1,1,0,1,1,1
982.3739306628364,1,0,0,1,1,1
674.9356866215644,1,1,0,1,1,1
527.7503274588609,1,1,0,1,1,1
486.8202029489667,1,1,0,1,1,1
139.70423164960243,1,1,1,1,1,1
1172.9350663655866,1,1,0,1,1,1
217.15102493173347,1,1,0,1,1,1
344.02750306960814,1,1,0,1,1,1
1581.9907077209384,1,1,0,1,1,1
34.68417834021506,1,1,1,1,1,1
551.853420206348,1,1,1,1,1,1
333.3421591121824,1,1,0,1,1,1
2576.5480614295266,1,1,1,1,1,1
350.9779445307767,1,1,0,1,1,1
273.9468495015249,1,0,0,1,1,1
1117.711500182608,1,1,1,1,1,1
234.13021079174536,1,1,1,1,1,1
2263.3016554380188,1,1,1,1,1,1
106.20591657665769,1,1,1,1,1,1
1273.3016838045594,1,0,0,1,1,1
1382.182183851867,1,1,1,1,1,1
2075.03726226816,1,1,1,1,1,1
667.4451786300098,1,1,0,1,1,1
398.3920965818658,1,0,0,1,1,1
618.7923548022745,1,0,0,1,1,1
366.389173538535,1,1,1,1,1,1
778.5693494318604,1,1,0,1,1,1
471.8003154263917,1,1,0,1,1,1
300.8273194541027,1,1,0,1,1,1
96.97591771390762,1,1,1,1,1,1
43.86462445738591,1,1,1,1,1,1
935.9051605083688,1,1,1,1,1,1
313.7451219099011,1,1,1,1,1,1
1651.7268197403082,1,1,1,1,1,1
345.8141630003942,1,1,1,1,1,1
1381.5991022684657,1,0,0,1,1,1
141.48866121036235,1,1,1,1,1,1
354.0799847105435,1,1,0,1,1,1
25.018830451449737,1,0,0,0,0,0
1238.438982215238,1,1,1,1,1,1
380.3059639350289,1,1,0,1,1,1
172.30879544252682,1,1,1,1,1,1
309.83611269150776,1,1,0,1,1,1
464.3221852187765,1,1,0,1,1,1
888.3306549282062,1,1,0,1,1,1
80.20547906620072,1,1,0,1,1,1
28.547810444507792,1,1,0,1,1,1
247.7832529368924,1,1,0,1,1,1
743.6486430631217,1,1,0,1,1,1
169.10269547932384,1,1,1,1,1,1
300.47497442097034,1,1,1,1,1,1
468.4864321435549,1,1,1,1,1,1
627.9599773889344,1,1,0,1,1,1
895.021442147627,1,1,0,1,1,1
841.2732358247886,1,1,0,1,1,1
140.107422586401,1,1,0,1,1,1
751.014863710018,1,1,0,1,1,1
215.89188801775805,1,1,0,1,1,1
523.0197688600541,1,1,1,1,1,1
502.2541558076986,1,1,1,1,1,1
825.9662939887792,1,1,1,1,1,1
314.6921461620444,1,0,0,0,0,0
306.0187931372244,1,1,1,1,1,1
770.3843965412985,1,1,1,1,1,1
605.4840489168041,1,1,0,1,1,1
455.5404431168684,1,1,1,1,1,1
1745.296625165252,1,1,1,1,1,1
520.125514535674,1,1,1,1,1,1
658.2353023949548,1,1,1,1,1,1
427.3518854238743,1,1,1,1,1,1
1010.7783339911836,1,1,1,1,1,1
136.7639531978163,1,1,1,1,1,1
849.5458723022922,1,1,0,1,1,1
239.7288797044276,1,1,1,1,1,1
73.12203258639514,1,1,1,1,1,1
284.40356546605227,1,1,1,1,1,1
19.960876929314388,1,1,0,1,1,1
579.9849433259725,1,1,0,1,1,1
887.4241337723146,1,1,0,1,1,1
842.9780051358549,1,1,0,1,1,1
51.50364370530784,1,1,0,1,1,1
1485.530034806739,1,1,0,1,1,1
65.30146189745797,1,1,0,1,1,1
3612.171813649668,1,1,0,0,1,1
921.7917784994496,1,1,1,1,1,1
1451.2524455459695,1,0,0,1,1,1
1181.4177300436145,1,1,0,1,1,1
268.80555797110145,1,1,0,1,1,1
337.6384874139673,1,1,0,1,1,1
831.7230958386614,1,1,1,1,1,1
471.992373319692,1,1,1,1,1,1
281.0555708625813,1,0,0,1,1,1
5.1793426187978415,1,0,0,1,1,1
1163.1772833337911,1,1,1,1,1,1
1038.4888407873157,1,1,1,1,1,1
751.7800074146884,1,1,1,1,1,1
605.9281871517577,1,1,0,1,1,1
3880.9574853882727,1,1,1,1,1,1
224.1217064746567,1,1,0,1,1,1
1118.5733747246477,1,1,0,1,1,1
644.6376249751297,1,1,1,1,1,1
1253.1654469302573,1,1,0,1,1,1
44.63805954111044,1,1,0,1,1,1
769.7496733768724,1,1,1,1,1,1
598.6282627745346,1,1,0,1,1,1
621.2852133535196,1,1,0,1,1,1
142.1380163617415,1,1,0,1,1,1
389.3518091956416,1,1,0,1,1,1
726.9421885511209,1,1,1,1,1,1
598.7428667055303,1,1,0,1,1,1
214.4094938274453,1,0,0,0,0,0
336.70783488935353,1,0,0,1,1,1
99.20691468120332,1,1,1,1,1,1
437.62416445521495,1,0,0,1,1,1
452.9117176577463,1,1,1,1,1,1
836.856096538259,1,0,0,1,1,1
387.3503154162184,0,0,0,0,0,0
756.8833176058976,1,1,0,1,1,1
1461.707256862743,1,1,0,1,1,1
1021.335279006384,1,1,1,1,1,1
402.0901576023508,1,1,0,1,1,1
105.986016396726,1,0,0,0,0,0
1396.062914300143,1,1,0,1,1,1
1548.499422258198,1,1,1,1,1,1
1726.427942144873,1,1,0,1,1,1
192.76278900935128,1,1,1,1,1,1
186.16588447572536,1,1,0,1,1,1
158.20615116889684,1,1,1,1,1,1
2388.3752257815954,1,1,0,0,1,1
4121.200541404412,1,1,1,0,1,1
820.8411407437897,1,1,1,1,1,1
527.3226406424695,1,1,0,1,1,1
2726.802195546702,1,0,0,1,1,1
262.7707361668774,1,1,0,1,1,1
241.0254673707809,1,0,0,0,0,0
198.4021642115564,1,1,1,0,0,0
495.689861486802,1,1,0,1,1,1
522.7545999068799,1,0,0,1,1,1
389.6359924170103,1,1,0,1,1,1
199.569375001191,1,1,1,1,1,1
330.04375762176863,1,1,0,1,1,1
121.10454821262414,0,0,0,0,0,0
2773.46808799384,1,1,1,1,1,1
444.2494465310343,1,1,1,1,1,1
170.99164365493772,1,1,0,1,1,1
1322.372974530785,1,1,0,1,1,1
180.99328350850217,1,1,0,1,1,1
2665.2403948684687,1,1,1,1,1,1
158.18201385149337,1,1,1,1,1,1
802.476518274666,1,1,0,1,1,1
391.7075222839717,1,0,0,1,1,1
81.05618080477566,1,1,1,1,1,1
210.21677739180927,1,1,0,1,1,1
2965.8594157917955,1,1,1,0,1,1
446.1510123978982,1,1,0,1,1,1
266.3529975945014,0,0,0,0,0,0
198.4726761974662,1,1,1,1,1,1
848.4016373677017,1,1,0,1,1,1
154.61944962833363,1,1,1,1,1,1
210.77401903103296,1,1,0,1,1,1
193.10903592931223,1,1,0,1,1,1
1407.8990639151996,1,0,0,1,1,1
1124.2578839530877,1,1,0,1,1,1
2765.1861261511863,1,1,0,0,1,1
167.4116685245306,1,1,1,1,1,1
467.3398592812813,1,1,1,1,1,1
794.7289829501003,1,1,0,1,1,1
609.3884887845393,1,1,1,1,1,1
757.0435836432802,1,1,1,1,1,1
121.17268560482891,1,1,1,1,1,1
1227.5417362050025,1,1,0,1,1,1
228.4675449732094,1,1,1,1,1,1
116.08500123702083,1,1,0,1,1,1
129.25640845935098,1,1,0,1,1,1
984.8160413553884,1,1,0,1,1,1
324.9259823899817,1,1,1,1,1,1
63.56102745301037,1,1,0,1,1,1
183.5794565613728,1,1,0,1,1,1
1729.4614013805854,1,1,1,1,1,1
962.7142484461856,1,1,0,1,1,1
97.59142879009184,1,0,0,1,1,1
571.2995875999248,1,0,0,1,1,1
405.7851413271591,1,1,0,1,1,1
525.1766332545343,1,1,1,1,1,1
508.4962417542917,1,1,1,1,1,1
415.77598030857575,1,0,0,1,1,1
1489.069707185842,1,1,1,1,1,1
243.74737179516745,1,1,1,1,1,1
876.9862757712388,1,1,0,1,1,1
863.6068073653956,1,1,0,1,1,1
396.85194329690216,1,1,0,1,1,1
271.7847025974577,1,1,0,1,1,1
47.80882617869723,1,0,0,0,0,0
350.7443254909953,1,1,1,1,1,1
2385.76530107832,1,1,0,0,1,1
318.6922174214908,1,1,0,1,1,1
177.64478328021295,1,1,0,1,1,1
1395.793644499336,1,0,0,1,1,1
1341.7048945448648,1,1,0,1,1,1
2408.941186466112,1,0,0,0,1,1
294.6339440880316,1,1,1,1,1,1
285.76762507262845,1,1,0,1,1,1
463.6338323678064,1,1,0,1,1,1
125.21681276394642,1,1,0,1,1,1
1141.2258915724774,1,1,1,1,1,1
287.5889200457704,1,1,0,1,1,1
189.84836525711967,1,1,0,1,1,1
425.993526274183,1,0,0,1,1,1
927.736705895686,1,1,0,1,1,1
126.99795614556814,1,1,0,1,1,1
2462.561865366381,1,1,1,1,1,1
1984.341231245317,1,1,0,1,1,1
10167.750268770122,1,1,0,0,1,1
928.0851093929616,1,1,1,1,1,1
1215.3792556456797,1,1,1,1,1,1
1309.869256474171,1,1,0,1,1,1
404.6714862559902,1,1,0,1,1,1
743.954095104858,1,1,0,1,1,1
878.7077860401868,1,1,0,1,1,1
16.809825947425235,1,1,0,1,1,1
593.2466834222305,1,1,0,1,1,1
461.7328890251149,1,1,1,1,1,1
257.2484453715523,1,0,0,0,0,0
728.3481002986653,1,0,0,1,1,1
925.0623509514436,1,1,1,1,1,1
417.9796452854697,1,1,1,1,1,1
580.6016881039374,1,1,1,1,1,1
2022.1731199809249,1,1,0,0,1,1
98.80605746172584,1,1,0,1,1,1
132.16912708924593,1,0,0,1,1,1
2036.565362427584,1,1,1,1,1,1
708.6555860261432,1,1,1,1,1,1
315.30709603133363,1,1,1,1,1,1
1811.936719109045,1,1,1,1,1,1
965.2549881792836,1,1,0,1,1,1
630.9484123853539,1,1,1,1,1,1
953.2844364131628,1,1,0,1,1,1
348.8691213490007,1,0,0,1,1,1
1749.5726751960467,1,0,0,0,0,0
820.4578182887955,1,0,0,1,1,1
268.36217218133413,1,1,0,1,1,1
784.6323139674239,1,1,0,1,1,1
1039.7955692181552,1,1,0,1,1,1
253.78984899279487,1,0,0,0,0,0
437.84752588850506,1,1,0,1,1,1
509.5733785814506,1,1,0,1,1,1
366.940462577464,1,1,1,1,1,1
25.530990584929025,1,1,1,1,1,1
177.14672833082844,1,1,1,1,1,1
76.13328457673211,1,1,1,1,1,1
388.0824275322303,1,1,0,1,1,1
1948.5677711528947,1,0,0,1,1,1
329.5894650031602,1,1,1,1,1,1
923.2467296794754,1,1,1,1,1,1
6.868691619082805,1,0,0,1,1,1
110.8653280987344,1,1,1,1,1,1
430.5083227360559,1,1,0,1,1,1
525.2654207764568,1,1,0,1,1,1
931.122749469848,1,1,0,1,1,1
2327.153892875468,1,1,0,1,1,1
976.4082034822496,1,1,0,1,1,1
490.55504703047166,1,1,0,1,1,1
664.0259142600614,1,1,1,1,1,1
348.9259257970486,1,1,0,1,1,1
252.8842908186038,1,1,1,1,1,1
696.6701667826752,1,1,0,1,1,1
207.9618062800412,1,1,0,1,1,1
661.8360823710013,1,1,0,1,1,1
796.9191974724317,1,1,1,1,1,1
1220.8309970592247,1,0,0,1,1,1
889.700913423238,1,1,1,1,1,1
646.1703282450729,1,1,1,1,1,1
317.28890454300443,1,1,0,1,1,1
1784.5617463342155,1,1,1,1,1,1
1754.4390413230756,1,1,0,1,1,1
617.014316223347,1,1,1,1,1,1
135.09906261503417,1,1,0,1,1,1
273.61719623056086,1,0,0,1,1,1
307.96909351775184,1,1,0,1,1,1
1151.990717938186,0,0,0,0,0,0
292.3568966641828,1,1,1,1,1,1
414.5288729434592,1,1,1,1,1,1
1425.8701738205457,1,1,1,1,1,1
675.2810707757019,1,0,0,1,1,1
678.9599851290362,1,1,0,1,1,1
375.55525814651503,1,1,1,1,1,1
442.9430010144165,1,1,0,1,1,1
942.91339579742,1,1,0,1,1,1
1340.329470815709,1,1,1,1,1,1
340.6181029611457,1,1,1,1,1,1
103.37285971861095,1,1,0,1,1,1
29.633027062380908,1,1,0,1,1,1
431.3863165421442,1,1,0,1,1,1
787.2556592998859,1,0,0,1,1,1
426.55050245490617,0,0,0,0,0,0
136.5534677134304,1,1,0,1,1,1
96.7390753846436,1,1,0,1,1,1
388.15418465774553,1,1,0,1,1,1
186.00131347835568,1,1,0,1,1,1
401.05102618877976,1,1,0,1,1,1
37.10391503617612,1,1,1,1,1,1
15.311335221111111,1,1,1,1,1,1
2136.3518007178805,1,1,1,1,1,1
534.6474446105626,1,1,1,1,1,1
437.2554241103686,1,1,0,1,1,1
71.43419761516058,1,1,0,1,1,1
1384.6949071970216,1,1,0,1,1,1
1633.244221979005,1,1,0,1,1,1
111.07300762378932,1,1,0,1,1,1
372.14884643253407,1,1,1,1,1,1
422.8660193539203,1,1,1,1,1,1
1592.449712219626,1,1,0,1,1,1
809.5043157223065,1,1,0,1,1,1
2113.374532496768,1,1,0,1,1,1
1125.7317305545737,1,1,0,1,1,1
507.3080864379715,1,1,1,1,1,1
110.51138473559716,1,1,0,1,1,1
616.1960000077557,1,0,0,1,1,1
313.8132837187846,1,1,0,1,1,1
499.65586240747433,1,1,0,1,1,1
780.4316734015217,1,1,0,1,1,1
1431.7554183101072,0,0,0,0,0,0
1592.983980254126,1,1,0,1,1,1
528.2049755675705,1,0,0,1,1,1
112.45332343410811,1,1,1,1,1,1
333.06023241698847,1,1,0,1,1,1
117.72261418356078,1,1,1,1,1,1
2514.399623717881,1,1,1,1,1,1
1265.2196866274398,1,0,0,1,1,1
168.05524446541713,1,1,1,1,1,1
28.759118681493128,1,1,1,1,1,1
505.05963044131335,1,1,0,1,1,1
1229.9844318263797,1,1,0,1,1,1
659.4546469126149,1,0,0,1,1,1
1742.04987845952,1,1,0,1,1,1
212.15962273256616,1,1,1,1,1,1
92.24433246010616,1,1,1,1,1,1
5318.043348438184,1,1,1,0,1,1
1426.285836279135,1,1,0,1,1,1
499.61014968570765,1,1,0,1,1,1
280.7089956424466,1,1,0,1,1,1
456.4334361226786,1,0,0,1,0,0
102.36493699029056,1,1,1,1,1,1
836.6340412831869,1,1,0,1,1,1
500.8672510557857,1,1,0,1,1,1
355.58663908807205,1,0,0,1,1,1
716.6450505490448,1,1,0,1,1,1
485.0993172724071,1,1,0,1,1,1
895.6879515915991,1,1,0,1,1,1
513.3082347629064,1,1,1,1,1,1
1147.9770805261394,1,1,0,1,1,1
134.70788773436058,1,1,0,1,1,1
4230.46018233323,1,1,1,0,1,1
100.52827442862733,1,0,0,1,1,1
695.3078772169392,1,1,1,1,1,1
156.315297080551,1,1,0,1,1,1
285.9314703638711,1,1,1,1,1,1
181.97800255250303,1,0,0,1,1,1
2108.947330420676,1,1,1,1,1,1
266.71743071379626,1,1,0,1,1,1
426.9929045159551,1,1,0,1,1,1
1965.7004097325728,1,0,0,1,1,1
612.5003533357783,1,1,0,1,1,1
5.9341992458139465,1,1,1,1,1,1
499.26250672628106,1,1,0,1,1,1
165.54711264551898,1,1,0,1,1,1
427.4239450166611,1,1,0,1,1,1
368.05967128186217,1,1,0,1,1,1
2160.1923669755547,1,1,1,1,1,1
193.30149041630392,1,1,1,1,1,1
363.4442222750647,1,1,0,1,1,1
227.9206563967668,1,1,0,1,1,1
233.5521553047037,1,1,1,1,1,1
25.571931549469245,1,1,1,1,1,1
3216.996767689396,1,0,0,1,1,1
922.4914343846764,1,1,1,1,1,1
865.7650184729074,1,0,0,1,1,1
2232.465044812742,1,1,0,1,1,1
1044.113940224444,1,1,0,1,1,1
45.435167747201696,1,1,0,1,1,1
172.1868329478574,1,1,0,1,1,1
1878.7500177593984,1,1,0,1,1,1
348.2914583123681,1,1,0,1,1,1
99.3978373673836,1,1,1,1,1,1
229.4517581253565,1,1,1,1,1,1
2602.983140227196,1,1,1,1,1,1
383.27359091232256,1,1,1,1,1,1
627.571644222598,1,1,0,1,1,1
719.4778279362399,1,0,0,1,1,1
110.67693776927554,1,1,1,1,1,1
207.4805619965909,1,1,0,1,1,1
186.2255175631004,1,1,1,1,1,1
336.3655263778389,1,1,1,1,1,1
197.98953431055497,1,1,1,1,1,1
231.0143655978354,1,0,0,1,1,1
82.53051655126936,1,1,1,1,1,1
1352.2100598772126,1,1,1,1,1,1
1526.9435191753332,1,1,0,1,1,1
486.0455871067224,1,1,1,1,1,1
405.2268799938145,1,1,0,1,1,1
714.0438506535236,1,1,1,1,1,1
1013.1768834324774,1,1,0,1,1,1
43.718357725710455,1,1,0,1,1,1
154.6957273371293,1,1,0,1,1,1
394.61908663084256,1,0,0,1,1,1
739.6960370677725,1,0,0,1,1,1
479.5638115198303,1,1,0,1,1,1
76.11756945621502,1,1,1,1,1,1
1111.6580937696417,1,1,0,1,1,1
2175.318733319817,1,1,1,1,1,1
79.5582856307199,1,0,0,0,0,0
2248.074681430363,1,0,0,1,1,1
691.5479322632841,1,0,0,1,1,1
871.4170966998745,0,0,0,0,0,0
3349.8037414098085,1,1,0,1,1,1
1911.064343251713,1,1,0,0,1,1
179.44720694245478,1,1,0,1,1,1
628.0520446786808,1,1,0,1,1,1
249.5217987482251,1,0,0,1,1,1
239.2095635725552,1,0,0,1,1,1
3024.495754702052,1,1,0,1,1,1
837.35224780919,1,1,1,1,1,1
660.3507121505584,1,1,0,1,1,1
14.971076146139184,0,0,0,0,0,0
307.79871740469787,1,1,1,1,1,1
1904.548727555612,1,1,0,1,1,1
926.7945147567444,1,1,0,1,1,1
185.4304087098418,1,1,1,1,1,1
656.5423885735303,1,1,0,1,1,1
345.18075428880417,1,0,0,1,1,1
392.8431414949183,1,1,1,1,1,1
765.7269884768448,1,1,0,1,1,1
3216.996767689396,1,0,0,1,1,1
356.05886816514044,1,1,0,1,1,1
1468.5566160054825,1,1,0,1,1,1
4.430503086309363,1,1,1,1,1,1
349.4744075271636,1,1,0,1,1,1
728.7697642894295,1,1,0,1,1,1
447.76307645912135,1,1,1,1,1,1
1906.3165557028503,1,1,0,1,1,1
1405.5559720930255,1,1,0,1,1,1
632.4560932756158,1,1,0,1,1,1
408.5238069384789,1,1,0,1,1,1
653.5924027333466,1,1,0,1,1,1
46.5293788629117,1,1,0,1,1,1
131.0790597266123,1,0,0,1,1,1
2618.0594117649293,1,1,1,1,1,1
15.537300147999362,1,1,1,1,1,1
147.0272621138246,1,1,1,1,1,1
587.3646644640501,1,0,0,1,1,1
326.055320237733,1,0,0,1,1,1
72.02903905990021,1,1,1,1,1,1
107.17049644450262,1,1,1,1,1,1
158.8778017337996,1,1,0,1,1,1
321.8391127862773,1,1,0,1,1,1
120.05496677588042,1,0,0,0,0,0
605.1689769770682,1,0,0,1,1,1
1218.587928004766,1,1,1,1,1,1
606.9568284301683,1,1,1,1,1,1
554.3818716254066,1,1,1,1,1,1
791.316327077875,1,1,1,1,1,1
527.1035872419247,1,1,1,1,1,1
647.032431911541,1,1,1,1,1,1
246.58144431971564,1,1,1,1,1,1
1557.7664681790309,1,1,1,1,1,1
822.2998411760756,1,1,0,1,1,1
712.9188575051882,1,1,0,1,1,1
256.96976274721777,1,1,0,1,1,1
219.55186508679887,1,1,0,1,1,1
1775.0107614466094,1,1,0,1,1,1
731.5745586549114,1,1,1,1,1,1
1324.1167478071968,1,1,1,1,1,1
415.9236125600824,1,1,0,1,1,1
1591.110305305175,1,1,0,1,1,1
395.2093595618271,1,1,0,1,1,1
148.2478995964576,1,1,0,1,1,1
125.83505059764504,1,1,1,1,1,1
1270.293677773718,1,0,0,1,1,1
1642.4576643473604,1,1,1,1,1,1
636.0463393072912,1,1,1,1,1,1
20.27162299323845,1,1,1,1,1,1
273.2767639360714,1,1,1,1,1,1
404.1888940543901,1,1,1,1,1,1
251.16051106504176,1,0,0,0,0,0
259.74388147411605,1,1,0,1,1,1
409.906404171102,1,1,1,1,1,1
346.505997680746,1,1,1,1,1,1
240.09317071253204,1,0,0,1,1,1
214.2163023329244,1,1,0,1,1,1
498.0315082527045,1,1,1,1,1,1
525.0145806797434,1,1,0,1,1,1
73.17840705455366,1,1,1,1,1,1
49.40145416631569,1,1,0,1,1,1
645.0769566462964,1,1,0,1,1,1
933.6006713132472,1,0,0,1,1,1
195.0239734027193,1,1,0,1,1,1
1560.6590541195878,0,0,0,0,0,0
174.43858714352746,1,1,1,1,1,1
708.4831531972467,1,1,0,1,1,1
139.12018330756302,1,1,0,1,1,1
252.0696649800093,1,1,0,1,1,1
632.0996457366808,1,1,0,1,1,1
1027.0653057213406,1,0,0,1,1,1
1933.7593515236288,1,0,0,1,1,1
1160.9789622925528,1,1,0,1,1,1
294.8141157902293,1,1,1,1,1,1
899.7236480032338,1,0,0,1,1,1
199.96280979560885,1,1,0,1,1,1
1103.2196914093688,1,1,1,1,1,1
703.594686707862,1,1,0,1,1,1
64.36501744758024,1,1,1,1,1,1
910.2885759853305,1,0,0,1,1,1
420.3817686859177,1,1,0,1,1,1
518.3552358436834,1,1,0,1,1,1
442.15031291184783,1,1,1,1,1,1
897.3609721059893,1,1,1,1,1,1
323.3876021836875,1,1,1,1,1,1
354.8539221208765,1,0,0,1,1,1
413.9808617697496,1,1,0,1,1,1
1161.885776075292,1,0,0,0,0,0
533.4658926306358,1,1,0,1,1,1
1016.0532492128413,1,1,1,1,1,1
602.7109664452415,1,1,0,1,1,1
620.0094736957094,1,1,0,1,1,1
133.55268936598455,1,1,0,1,1,1
212.36763054918327,1,1,0,1,1,1
273.7171573653426,0,0,0,0,0,0
3268.3557578973464,0,0,0,0,0,0
387.725421321579,1,0,0,1,1,1
200.3534311225337,1,1,0,1,1,1
202.67768822220503,1,1,1,1,1,1
2017.95001271648,1,1,1,1,1,1
436.14255334082713,1,0,0,1,1,1
1088.2008064435402,1,1,1,1,1,1
174.51977199358717,1,1,0,1,1,1
26.9973235407528,1,1,0,0,0,0
1215.5821505154022,1,1,1,1,1,1
63.46060142853436,1,1,1,1,1,1
396.5208206110599,1,1,0,1,1,1
848.4016373677017,1,0,0,0,0,0
1130.6553497063117,1,1,1,1,1,1
945.898461374184,1,1,0,1,1,1
471.5354653570112,1,1,0,1,1,1
743.4146537068827,1,1,1,1,1,1
698.1905781446003,1,1,0,1,1,1
605.0159016341348,1,0,0,1,1,1
951.4980006071507,1,1,0,1,1,1
215.36253573868973,1,1,0,1,1,1
1101.9052663918933,1,1,0,1,1,1
471.90800203701673,1,1,1,1,1,1
67.7441473185032,1,0,0,0,0,0
322.3894150505674,1,1,1,1,1,1
396.3341348848837,1,1,1,1,1,1
345.76166282725467,1,1,0,1,1,1
102.22604283075675,1,1,0,1,1,1
1620.238872131681,1,1,0,1,1,1
2430.4058927914098,1,0,0,1,1,1
306.9490393613689,1,1,1,1,1,1
475704.94592068414,1,1,0,0,0,0
984.9300833608758,1,1,0,1,1,1
1838.7570387383253,1,0,0,1,1,1
909.9909111456697,1,1,1,1,1,1
34.07282012215456,1,1,1,1,1,1
725.9794461506181,1,1,0,1,1,1
460.4227793872576,1,0,0,1,1,1
25.01819105999116,1,1,0,0,0,0
572.8466493753627,1,1,1,1,1,1
296.2284303631636,1,0,0,1,1,1
667.0641129291027,1,0,0,1,1,1
677.6563646642325,1,1,0,1,1,1
546.2207000247437,1,1,0,1,1,1
214.8477081572367,1,0,0,1,1,1
462.1011295801758,1,1,0,1,1,1
515.0451427649017,1,0,0,1,1,1
205.48736479022216,1,1,1,1,1,1
3795.884444902999,1,1,1,0,1,1
1043.9157384165992,1,0,0,1,1,1
206.92196813330287,1,0,0,0,0,0
1643.3827401093074,1,1,0,1,1,1
310.5491075510779,1,1,0,1,1,1
120.00248123709886,1,1,0,1,1,1
1281.9795506115777,1,1,0,1,1,1
327.736661020821,1,1,0,1,1,1
2314.7845168027097,1,1,1,1,1,1
650.3404704240024,1,1,1,1,1,1
100.12615730938056,1,1,0,1,1,1
543.5797500971621,1,1,0,1,1,1
1543.7742272459377,1,1,0,0,1,1
286.02619878933206,1,1,1,1,1,1
223.7326182897632,1,1,0,1,1,1
467.9492510092595,1,1,0,1,1,1
2681.301192911673,1,0,0,1,1,1
924.033402612836,1,1,0,1,1,1
854.5798378437331,1,0,0,1,1,1
1681.362091617406,1,0,0,1,1,1
408.1602162416354,1,1,0,1,1,1
286.2575355844592,1,1,1,1,1,1
145.09457753553,1,1,0,1,1,1
13.579199702580723,1,1,0,1,1,1
432.2178219226062,1,1,1,1,1,1
7.355759172297198,1,1,1,1,1,1
1216.442258032621,1,1,1,1,1,1
1450.427289068502,1,1,1,1,1,1
539.5614836235274,1,1,1,1,1,1
32.64441350228676,1,1,0,1,1,1
888.9637705340992,1,1,1,1,1,1
869.8370899749933,1,1,0,1,1,1
1368.3122838840884,1,1,1,1,1,1
197.46133826504465,1,1,0,1,1,1
177.6470838450875,1,1,1,1,1,1
364.4030663285154,1,1,1,1,1,1
140.28847422347232,1,1,1,1,1,1
284.8466825334372,1,1,0,1,1,1
624.444706307951,1,1,1,1,1,1
353.9719084816782,1,1,0,1,1,1
1002.4762220479332,1,1,1,1,1,1
837.6008669635621,1,1,0,1,1,1
481.256185820591,1,1,0,1,1,1
205.75269005229245,1,1,0,1,1,1
28.80868665610504,1,1,0,1,1,1
91.44524494615882,1,1,0,1,1,1
287.31692486610973,1,1,0,1,1,1
406.3700896171111,1,1,0,1,1,1
426.0230428721388,1,1,1,1,1,1
1328.828302405679,1,0,0,1,1,1
888.6264359355422,1,1,0,1,1,1
103.8073430918556,1,1,1,1,1,1
545.2519422492171,1,1,1,1,1,1
2129.846048886792,1,1,0,1,1,1
407.5896495760852,1,1,1,1,1,1
178.01697575939528,1,1,1,1,1,1
53.6058332443,1,1,0,1,1,1
361.8241374958626,1,1,0,1,1,1
318.4564443218498,1,1,0,1,1,1
786.8164206056989,1,1,0,1,1,1
372.8574859996337,1,1,0,1,1,1
907.0838413675324,1,1,0,1,1,1
7.874817560549957,1,1,0,1,1,1
257.8631002970797,1,1,0,1,1,1
68.69098843454975,1,1,1,1,1,1
13.66423200344902,1,1,0,1,1,1
184.5937529179413,1,1,1,1,1,1
1278.292673096914,1,1,0,1,1,1
438.3477841153481,1,1,0,1,1,1
349.8547840172253,1,1,1,1,1,1
153.70656765198407,1,1,1,1,1,1
814.4920346509326,1,1,0,1,1,1
586.2452251795507,1,1,0,1,1,1
1511.5968725093487,1,0,0,0,0,0
598.7443483495837,1,1,1,1,1,1
352.49271706944813,1,1,1,1,1,1
1861.6150353546784,1,1,0,1,1,1
145.28968044067196,1,1,0,1,1,1
372.5480239692567,1,1,1,1,1,1
1594.9243671197703,1,1,0,1,1,1
981.9815735313424,1,1,0,1,1,1
935.0163294780334,1,1,0,1,1,1
1032.3561498590232,1,1,0,1,1,1
1780.0917182382132,1,1,0,1,1,1
812.1994950852951,1,1,1,1,1,1
104.8425095659021,1,1,1,1,1,1
1384.6278986444972,1,1,1,1,1,1
121.4953018511325,1,1,0,1,1,1
827.5588875171889,1,1,0,1,1,1
761.1771753752454,1,1,0,1,1,1
621.8326741164499,1,1,1,1,1,1
997.1930877441622,1,1,0,1,1,1
832.4007521761846,1,1,0,1,1,1
307.70173344234587,1,1,0,1,1,1
11.868398491627891,1,1,1,1,1,1
816.2317866248715,1,1,1,1,1,1
416.12642671061286,1,1,0,1,1,1
239.83905566829912,1,1,0,1,1,1
675.1375217028913,1,1,0,1,1,1
698.3317611821558,1,1,1,1,1,1
663.6382936933622,1,0,0,1,1,1
1025.494060728199,1,1,0,1,1,1
1386.3763824941643,1,0,0,0,0,0
1174.0728575271196,1,1,0,1,1,1
536.1651634184589,1,1,0,1,1,1
1058.6441707741358,1,1,0,1,1,1
6.967907307261831,1,1,0,1,1,1
983.03672475133,1,1,1,1,1,1
618.3077171803444,1,0,0,0,0,0
320.7617455143294,1,1,1,1,1,1
561.2758123131858,1,1,0,1,1,1
624.9180155108725,1,1,1,1,1,1
1899.33880330639,1,1,0,1,1,1
761.7327834665664,1,0,0,1,1,1
732.4064596242039,1,1,0,1,1,1
158.5032212664607,1,1,1,1,1,1
696.6856883055962,1,1,1,1,1,1
989.43517538017,1,1,1,1,1,1
868.6317807326544,1,1,0,1,1,1
2147.3175567993044,1,1,0,1,1,1
183.4660463813234,1,1,0,1,1,1
2845.2517025081065,1,1,0,0,1,1
713.9175710035331,1,1,0,1,1,1
920.9422779233648,1,1,1,1,1,1
2354.157015302422,1,1,1,1,1,1
624.444706307951,1,1,1,0,0,0
915.129583778568,1,1,1,1,1,1
1686.8421847677937,0,0,0,0,0,0
1128.5362153862452,1,1,1,1,1,1
2231.106558342582,1,1,0,1,1,1
481.940355318891,1,1,1,1,1,1
869.848401001758,1,1,0,1,1,1
1103.219924534559,1,1,1,1,1,1
282.52699166989134,1,0,0,1,1,1
191.28288596280296,1,1,0,1,1,1
60.22722133215178,1,1,0,1,1,1
693.5747735074468,1,1,0,1,1,1
39.2429098813403,1,1,1,1,1,1
916.5722127856104,1,1,1,1,1,1
2676.454509682453,1,1,0,1,1,1
405.9276792419548,1,1,1,1,1,1
394.26092440591145,1,1,0,1,1,1
249.84837450019592,1,1,0,1,1,1
652.3113561399257,1,1,0,1,1,1
87.9073087982875,1,0,0,1,1,1
851.3689847913015,1,0,0,1,1,1
1284.6290814980468,1,1,0,1,1,1
164.58717980825926,1,0,0,1,1,1
501.9480604873327,1,1,0,1,1,1
1094.6188147212629,1,0,0,1,1,1
768.1309953682328,1,1,1,1,1,1
742.2150112562642,1,1,0,1,1,1
2282.540295240403,1,1,1,1,1,1
122.5722975515174,1,0,0,1,1,1
1232.9815538069313,1,1,1,1,1,1
122.12660562334644,1,1,1,1,1,1
619.5621887484325,1,1,0,1,1,1
580.0538610469853,1,1,0,1,1,1
630.2040589678404,1,1,1,1,1,1
1867.840618192345,1,1,0,1,1,1
1911.6014243979373,1,1,0,1,1,1
39.87225063027531,1,1,1,1,1,1
350.6220795303178,1,1,0,1,1,1
493.5740284208297,1,1,0,1,1,1
918.8351737847788,1,1,1,1,1,1
1101.1480398313524,1,1,0,1,1,1
110.00844056936036,1,1,0,1,1,1
639.4721468764823,1,1,1,1,1,1
853.9206070426023,1,0,0,1,1,1
577.9606995875466,1,1,0,1,1,1
886.0470285659228,1,0,0,1,1,1
15.330001881308226,1,1,0,1,1,1
133.1786454684912,1,1,0,1,1,1
307.9343859149885,1,1,1,1,1,1
94.96618947402558,1,1,1,1,1,1
833.7919411071028,1,0,0,1,1,1
914.3072349758016,1,1,0,1,1,1
690.186020621318,1,0,0,1,1,1
287.55423971652084,1,1,0,1,1,1
1249.4608325367271,1,1,0,1,1,1
1460.584111607628,1,1,0,1,1,1
101.67134527535904,1,1,1,1,1,1
2221.9613940625586,1,1,1,0,1,1
225.75172985417188,1,1,1,1,1,1
40.055844909244136,1,1,1,1,1,1
145.56457977859552,1,1,1,1,1,1
69.78708162044265,1,0,0,1,1,1
346.921937255862,1,1,1,1,1,1
1449.1777509055064,1,1,1,0,1,1
1442.2003215753473,1,1,0,1,1,1
468.6549799902157,1,0,0,0,0,0
411.6337939738886,1,1,1,1,1,1
1581.4098480086489,1,1,1,1,1,1
26.196422419745623,1,1,1,1,1,1
315.2065173827797,1,1,0,1,1,1
520.2912116637478,1,1,0,1,1,1
329.8076089646119,1,0,0,1,1,1
17.779816237428545,1,1,0,1,1,1
767.1912978302902,1,1,0,1,1,1
1959.190801487059,1,0,0,1,1,1
1393.4860496219387,1,0,0,1,1,1
1629.635506420231,1,1,1,1,1,1
450.3666694402504,1,1,0,1,1,1
1028.056913549024,1,1,0,1,1,1
296.32943514057547,1,1,1,1,1,1
1661.0548847680236,1,1,1,1,1,1
695.6718438820982,1,1,0,1,1,1
66.1167030019687,1,1,0,1,1,1
585.434852455943,1,0,0,1,1,1
423.08387864149046,1,1,0,1,1,1
172.8786728721889,1,1,0,1,1,1
269.97427464862574,1,1,0,1,1,1
363.9809847010361,1,1,0,1,1,1
2000.1303276135632,1,1,0,1,1,1
271.5213690050681,1,0,0,1,1,1
888.3911327314513,1,1,1,1,1,1
1356.205212624275,1,1,0,1,1,1
221.3099093421296,1,1,0,1,1,1
669.7341866802217,1,1,0,1,1,1
641.5549690312404,1,1,0,1,1,1
340.3444161116805,1,1,1,1,1,1
596.1939723075926,1,1,1,1,1,1
1275.6517429823984,1,1,0,1,1,1
175.71416855141317,1,1,0,1,1,1
426.1445326398193,1,0,0,1,1,1
229.4348360125288,1,1,1,1,1,1
668.1383229485896,1,1,0,1,1,1
128.4007991160065,1,1,0,1,1,1
2767.928331964425,1,1,1,1,1,1
147.3807955800373,1,1,0,1,1,1
1561.6677861445282,1,1,0,1,1,1
364.4976311041572,1,0,0,1,1,1
441.3337182232015,1,1,0,1,1,1
89.04373137307458,1,1,1,1,1,1
590.3665413238597,1,1,1,1,1,1
559.350310967663,1,1,0,1,1,1
490.31374884690894,1,1,0,1,1,1
265.3622835053172,1,1,0,1,1,1
125.53371197261836,1,1,0,1,1,1
288.7483509979797,1,0,0,1,1,1
618.3077171803444,1,1,0,1,1,1
243.6488674405676,1,1,1,1,1,1
641.593782652232,1,1,1,1,1,1
299.41485286071986,1,1,1,1,1,1
930.8075176773392,1,0,0,0,0,0
532.3111550017991,1,1,0,1,1,1
740.8235878514387,1,1,1,1,1,1
982.0080657571386,1,1,0,1,1,1
1297.0622813935422,1,1,0,1,1,1
